transcript,topic_0,topic_1,topic_2,topic_3,topic_4,topic_5,topic_6,topic_7,topic_8,topic_9,topic_10,topic_11
100thseminar-metagov-20231101.transcription,0.2082029876622173,0.062237263640612675,0.0,0.0,0.0,0.0,0.031141337596622284,0.0,0.0,0.0,0.0,0.0
a-rule-based-approach-to-mitigating-ai-risk-miyazono.transcription,0.002477369665457401,0.322107653118578,0.001850236913393909,0.01375304917528013,0.006049215754577191,0.0,0.0029000078818425413,0.10704564414456014,0.0,0.0,0.0010529643032443998,0.05616028497171047
aether-metagov.transcription,0.0176111205075521,0.0,0.003253360887138932,0.19723026001235378,0.26909489454118823,0.0,0.0013541828317948437,0.0,0.0,0.0,0.0,0.0
alston-metagov.transcription,0.0,0.0,0.0,0.0,0.0,0.08857654898972915,0.0,0.14951565084218155,0.04095318494753845,0.0,0.11693518631021092,0.0
amanda-kiessel-metagov.transcription,0.09072639307628622,0.001619947953963517,0.0,0.003394892527642653,0.035813020491737686,0.04306097352000995,0.0,0.014811006151706382,0.049156571900261,0.012540280196485485,0.0034635024713817143,0.1752249535536229
arch-voting-method-consensus-building-process-schikowitz.transcription,0.0230764208972978,0.0,0.028653880275383084,0.0,0.0,0.2951715831397525,0.01770067114359975,0.0,0.0,0.0,0.0,0.0
ash-metagov-20230712.transcription,0.17986846590588285,0.06422879885665171,0.0,0.0,0.0,0.0,0.0,0.0,0.0,0.0820643158577027,0.010133294121156258,0.006326642828994977
ashton-metagov.transcription,0.16435817174662437,0.0,0.0434842256135111,0.0,0.03399383637809088,0.0,0.0,0.011632849521081987,0.0,0.04786550840964904,0.0032833715575516374,0.0
baer-metagov.transcription,0.18053294707419948,0.0,0.01150873503588421,0.09394893809865,0.010538376854298225,0.0,0.0,0.011113203923949743,0.00729271886285591,0.018582076741341675,0.0,0.0
becker-metagov.transcription,0.023874991889025837,0.00946731092540607,0.0,0.05819944555977254,0.0,0.10341876296654029,0.005806517443033231,0.04126749962776615,0.0,0.10088173803330479,0.040369042584794686,0.013537794532544256
becoming-net-fiduciaries-with-the-glianet-alliance-whitt-govea.transcription,0.0,0.16256521650322825,0.0,0.05551305962287935,0.0,0.0,0.0011503496930461653,0.0331760520773776,0.026408665021651175,0.10888363000909769,0.00361308488818555,0.09433518882177702
bloom-metagov.transcription,0.0,0.0,0.0,0.0,0.0,0.0,0.0,0.0,0.0,0.4219736829775904,0.0,0.2411671039375338
book-talk-on-relationality.transcription,0.11186578869354899,0.0041643587980474284,0.0,0.012467269365276474,0.0,0.0,0.0,0.03355849556116494,0.1239026051584194,0.0,0.0008714735501816256,0.0
braman-change-of-state.transcription,0.018552630231276828,0.03136944861598735,0.002736185363811542,0.02963661840744754,0.0,0.028440274610509755,0.0,0.18898185167475537,0.008783483341724978,0.035845989521294364,0.015479349441163203,0.034623043086035504
bulent-fang-metagov.transcription,0.012926025879980093,0.12459885619285947,0.0,0.022427877631279514,0.0,0.08574915225252445,0.0,0.06401728572107472,0.02210215998745635,0.17802240470920136,0.015770281031557077,0.0
burnett-metagov-20240920.transcription,0.022048608387528267,0.010654762918581173,0.0,0.0,0.006376132339802245,0.0061231085448860975,0.0,0.0,0.3537059491482651,0.02110778568503062,0.0,0.0
canon-metagov-20230906.transcription,0.022320407925721757,0.00440910060746655,0.17371715457423442,0.0,0.0004022586264886473,0.0551966541375772,0.0,0.016993442402199035,0.14460893911594694,0.0,0.06478091965804489,0.07979737339694577
case-metagov-20230412.transcription,0.0848959133595885,0.04214038380267812,0.0,0.02725596246478051,0.0051913000248832615,0.003248647509453168,0.01714270461004659,0.010778896701477686,0.04438878281370231,0.014688494864725982,0.013579388780750759,0.10002751160312429
champion-metagov.transcription,0.055712271511343225,0.0,0.014091780723807453,0.01190769803646021,0.01151841074452171,0.018871796031955282,0.010279735431316574,0.0,0.05122334784954615,0.1741320415124094,0.0,0.008549404827267511
chan-metagov-20231115.transcription,0.09092324506874629,0.0,0.0,0.0,0.0,0.0,0.0,0.0,0.0,0.260286922088296,0.0,0.0
chancellor-metagov.transcription,0.0,0.0,0.0,0.0,0.5434348887603843,0.0,0.0,0.0,0.0,0.0,0.0,0.0
choral-data-trust-experiment-by-serpentine-galleries-introna.transcription,0.0,0.1350300966100316,0.0,0.011854488113184092,0.0,0.0,0.002058840132805547,0.0014090295385797902,0.006457150620217537,0.34395542621836944,0.013920129873679566,0.0
chore-wheel-onboarding-community-and-use-cases-kronovet.transcription,0.0,0.0,0.0,0.0,0.0,0.0,0.5752189442954287,0.0,0.0,0.0,0.0,0.0
chow-metagov-20240314.transcription,0.10326713742743474,0.002979436978113037,0.021421998731166406,0.03231181979378985,0.0130520793689706,0.0031674915394357553,0.044857564568011335,0.007310099354938003,0.11287750561193713,0.02111201555864005,0.0,0.03270647331302724
civic-ai-stempeck.transcription,0.0026703403449540304,0.3308762733458261,0.0,0.0008619983125863396,0.0,0.09240141626625893,4.3584843008233134e-05,0.0,0.0,0.07281394070178031,0.0,0.01742799753548256
cohado-designing-community-organization-strategies-gregory.transcription,0.17272770210558192,0.010165796690498347,0.0,0.03198053935956492,0.0,0.0,0.0,0.0,0.08436724001149752,0.0,0.026616756419731775,0.010934024167911725
collective-psi-metagov.transcription,0.21223760664172683,0.0,0.0,0.004629111571897441,0.0,0.042728739565065975,0.0,0.0,0.0,0.0,0.012137811559172188,0.0
cossar-et-al-metagov-20230315.transcription,0.004753945826251806,0.0,0.14408204925044213,0.07487256136020186,0.0,0.14057419881010866,0.0,0.05851966093874821,0.0,0.0,0.004449690213529632,0.0
cox-metagov.transcription,0.004915442970319257,0.027237676701781007,0.01223777381599871,0.023084025407011533,0.006473575675446212,0.0,0.0,0.07101508089529361,0.004943385530648285,0.0013440568403193741,0.007574079902838968,0.46207457621268194
cronkright-metagov.transcription,0.0,0.0,0.0,0.0,0.014444961152573288,0.34704297691010844,0.0,0.021488970756554964,0.004138903527012552,0.0,0.0,0.015419349162591488
d20-metagov-20231129.transcription,0.19768198642511128,0.019997632684208927,0.0,0.0,0.058925746860235245,0.0,0.0,0.0,0.0,0.0,0.018644599736660782,0.0
daolabor-metagov-20230816.transcription,0.0,0.0,0.2999216138241376,0.0,0.036680741885886124,0.0,0.0,0.005955021006175714,0.06666751250810894,0.00760343815345607,0.0,0.0062074879940702396
daston-rules-metagov.transcription,0.04939980650420178,0.0,0.0,0.0,0.0,0.0,0.00033999067689502026,0.3196201445500772,0.0,0.0,0.0,0.007916726582456471
data-leverage-metagov.transcription,0.0,0.04128217279320249,0.0,0.0,0.061025938284981956,0.0,0.0,0.0,0.0,0.4803984417714439,0.0,0.0
davis-metagov.transcription,0.038704219684111196,0.0010082164710543972,0.0,0.046352802005632576,0.0,0.027164220835382523,0.0,0.017939079121620002,0.09081833759316377,0.015633076675822147,0.0,0.08402512834389311
debate-state-level-ranked-choice-voting-in-the-us-drutman-richie.transcription,0.0,0.0,0.0,0.0,0.0,0.29359729518228794,0.0,0.0,0.0,0.0,0.0,0.0
democracy-levels-framework-thorburn.transcription,0.0,0.19690408097258025,0.0,0.0,0.0,0.30387852319363234,0.0,0.0,0.0,0.0,0.03375056769455429,0.0
designjustice-metagov.transcription,0.04655718019698335,0.0006465930731640941,0.0,0.0,0.0939119927429202,0.0,0.0,0.0,0.1309107332801644,0.0,0.02397314721453169,0.026563492837851296
disco-metagov.transcription,0.0,0.0,0.0,0.0,0.0,0.0,0.0,0.0,0.4965403107290331,0.0,0.0,0.0
drake-metagov-20240117.transcription,0.16861122175975055,0.0,0.00605697378124992,0.0,0.06025744951566828,0.0,0.0016049273309347038,0.0,0.0,0.0,0.0,0.06684511274881183
economicgrammar-metagov.transcription,0.0043392671139249155,0.004923411114092221,0.0,0.08754805721522528,0.0,0.0,0.0,0.13313040583857935,0.24000641322962002,0.0,0.0,0.018575454860515823
ecsa-2-metagov.transcription,0.011230501260111636,0.0,0.015642453273784447,0.0816569618591712,0.0,0.0,0.0,0.05132297394919955,0.331658707361048,0.0,0.0457605149641375,0.0007732749427032952
effective-voice-frey-schneider.transcription,0.04928780201049908,0.0,0.0,0.0,0.01195241201393929,0.06232029113987968,0.004566237672671486,0.1640564848624561,0.0,0.0,0.00047871580360186994,0.01465440429998001
ehmke-metagov-20221130.transcription,0.013457826303477164,0.01186883049305397,0.014050688702893777,0.018885035828032217,0.05788588123203778,0.0016630473758018714,0.0,0.12621768598335686,0.059675689817409984,0.027899846789703416,0.03294645772561865,0.05699220289543207
ethelo-metagov.transcription,0.042825398891719484,0.0,0.0,0.0,0.020914127086726034,0.30981570975879646,0.008858436276127268,0.004733139133652622,0.0,0.056859124806758296,0.013733041377745147,0.046456184990900894
ethereum-world-metagov.transcription,0.01787013099984045,0.0,0.07827013403263833,0.17213998462284116,0.05132759254057597,0.0,0.0,0.09313853600857905,0.010562604892806986,0.020984379692845688,0.008434438616337157,0.027579534062221328
experimental-governance-sandboxes-and-llm-agent-based-simulations-kera.transcription,0.061723158779311775,0.3003572767452262,0.02683650809682589,0.0,0.0,0.005147456855904984,0.0,0.0704188961090565,0.0019153307472137974,0.0,0.0,0.0
exploring-the-remarkable-regenerative-patterns-and-practices-of-the-internet-eng.transcription,0.0,0.0,0.0,0.014507869735370913,0.0,0.008647414298953708,0.0,0.0,0.015762841711135105,0.0,0.0,0.5110758926992898
exquisitecorpse-metagov.transcription,0.02345706478061336,0.0,0.0,0.0,0.0,0.0,0.0,0.0,0.0,0.0,0.5611833534506424,0.0
fiesler-fandom.transcription,0.04078009865484373,0.0,0.0,0.0,0.17067536419045265,0.0,0.0,0.08515751332473197,0.0,0.0,0.0,0.015335645512445324
frey-metagov.transcription,0.21036666021165804,0.0,0.0,0.004433229941134052,0.007489136279522024,0.03297873680721321,0.0,0.03876036965109958,0.0,0.06336114529717127,0.023426914641736196,0.0
g0v-metagov-20230517.transcription,0.0774916318603609,0.004500739945249533,0.22777821157084205,0.0,0.0,0.003962236814946433,0.0,0.0,0.0,0.0,0.0,0.008844854461057206
godin-metagov-20240103.transcription,0.1016882001728171,0.0,0.05420360568640379,0.035375002065580946,0.0,0.1394970362777521,0.016349410526278293,0.0,0.0,0.0,0.0,0.03964498373320601
golliher-metagov-20230524.transcription,0.01968769728572694,0.0,0.0,0.0,0.0,0.14572037480384292,0.02558390118220984,0.011024140850226084,0.003994088281326743,0.039889055671207395,0.0,0.010707381706334798
graber-metagov.transcription,0.0,0.0,0.010734650424689468,0.36294778186791016,0.11946649573764902,0.0,0.0,0.0,0.0,0.0,0.0,0.0
green-metagov-20230721.transcription,0.03787239330486312,0.0,0.18913610484346408,0.0,0.0,0.13640384993327917,0.07387877971273175,0.0,0.0,0.00014058533868574195,0.008183518488288556,0.0
green-metagov-20240313.transcription,0.09315508005891956,0.013627548489102052,0.0023059002362556262,0.0,0.0,0.08035234436063352,0.0,0.0003954869187879142,0.05819930276065296,0.0,0.12483517998284042,0.03552567456722886
green-metagov.transcription,0.0069209293424528666,0.0,0.18733432618511087,0.0,0.0,0.054114467690723075,0.004802822058050363,0.0,0.13554928173250133,0.0,0.0,0.0
hadfieldmenell-metagov.transcription,0.0,0.18083109059545988,0.0,0.019227305743961597,0.09060340775841325,0.03977467772502926,0.0007089480749268553,0.05442973772086187,0.0,0.060806890345854424,0.0,0.0004481880610285283
hammond-metagov-2023011.transcription,0.0,0.4198154347615517,0.0,0.0,0.0,0.0,0.009187658118938328,0.027104045078442423,0.034685464213418095,0.0,0.0,0.0
hantang-metagov-20230503.transcription,0.0,0.0,0.27640277096253585,0.03703962578076511,0.0,0.04523639270783716,0.0029275646864575073,0.001136350361066231,0.011886907067279072,0.0,0.01037031987329645,0.016073495264262435
hart-metagov.transcription,0.012399656315937783,0.0,0.08159928527482502,0.07034497170760741,0.0,0.002711312024319876,0.0,0.005321774564034658,0.0,0.0,0.028303942936467985,0.002185731251784127
hasan-metagov-20230802.transcription,0.0,0.0,0.15801568374577632,0.001741096511480024,0.0,0.04545450248046334,0.005128763057953397,0.0,0.20300786626416517,0.0,0.0,0.007109490468930017
hazard-ma-metagov.transcription,0.06253834280326344,0.0,0.043722291324895676,0.021726467379471467,0.0,0.0,0.0065315715001303485,0.12886219439281563,0.0010318115450121531,0.09867558360509994,0.00999970887770682,0.0407997584798157
im-metagov.transcription,0.0,0.0,0.0,0.03180636237737644,0.15653903514446735,0.0,0.0,0.0,0.0,0.0,0.38997191497312744,0.0
immorlica-metagov.transcription,0.0,0.0,0.0,0.421707000823701,0.0,0.0,0.0,0.0,0.0,0.0,0.0,0.0
inclusive-ocean-data-for-decision-making-sey.transcription,0.06819372195940451,0.0,0.0,0.0,0.0,0.08966935810559853,0.0,0.0139019497928004,0.02262960911716677,0.2665201143024239,0.028306578723114196,0.0
institutional-grammar-metagov.transcription,0.0,0.0,0.0,0.0,0.0,0.0,0.0,0.4101393809575827,0.0,0.0,0.0,0.0
intro-to-participatory-action-research-par-a-primer-for-governance-researchers-stoudt.transcription,0.055629786458966726,0.0,0.0,0.0,0.0,0.06362657012128177,0.00012237179177275305,0.03512372645339793,0.0,0.24065025192109954,0.0,0.0
introducing-koi-coco-miller-rennie-zargham.transcription,0.0447436093700192,0.0,0.0,0.0,0.0,0.0,0.0,0.0,0.0,0.27385231038072244,0.051246479781339685,0.0
is-consent-watered-down-consensus-3-key-differences-that-are-easy-to-miss-rau.transcription,0.0,0.0,0.0,0.0,0.0,0.0,0.0,0.0,0.0,0.0,0.6823935731179741,0.0
ize-mycelial-process-platform-demo-and-workshop-sulberg.transcription,0.12134845190386971,0.04753074509962053,0.04367665652094233,0.0,0.0,0.0,0.0004803814524111826,0.0,0.0,0.0,0.0477445830519353,0.0
jhaver-metagov.transcription,0.0,0.0018077550746083428,0.0,0.01897627879850019,0.22021752436112507,0.03881526970087496,0.0,0.09297306764623446,0.0,0.03033269320705539,0.0036000066199879167,0.0
kellert-metagov.transcription,0.0024963214811458442,0.0004139830868646723,0.01045845984708792,0.0,0.0,0.03328758238294787,0.016455039599302387,0.0,0.3403517611561466,0.007178233350996961,0.02783776522611368,0.018560749267475828
kleros-metagov.transcription,0.0,0.0,0.18307621912690225,0.03030771497895311,0.0,0.026035324581213763,0.014877566692431676,0.01750026801001064,0.0011776251121838333,0.0,0.0,0.016133171489135716
korpas-metagov-20230201.transcription,0.0,0.0,0.2978399234750645,0.0,0.0,0.0,0.0,0.06236235222657372,0.0,0.0513325007678502,0.00487566678524906,0.0
korpas-metagov.transcription,0.0,0.0,0.37354604405416336,0.0,0.0,0.0,0.0,0.0,0.0,0.07572739518066432,0.0,0.0
kronovet-metagov-20230329.transcription,0.01951250409954765,0.00038910886125930204,0.0026723663299467798,0.0,0.0011385380255382214,0.014813576511401695,0.4785787128633988,0.006773268954179563,0.013390071001435595,0.015891424805137302,0.005729450373993179,0.00457835136523715
kronovet-metagov-20230628.transcription,0.0,0.0,0.0,0.0,0.0,0.0,0.570748225642184,0.0,0.0,0.0,0.0,0.0
kuhn-metagov-20240320.transcription,0.024303726111363604,0.0011243707710390685,0.0,0.06292573468685073,0.0,0.0,0.000269705522920533,0.0,0.0,0.21680102939147888,0.00506832141869519,0.0
kybern-metagov.transcription,0.13164199373752747,0.0,0.023544625648138695,0.0,0.0,0.0,0.0,0.09450567906417406,0.0,0.03796051743383184,0.00033903958668226946,0.0
learnings-from-copim-community-led-open-publication-infrastructures-for-monographs-adema.transcription,0.030083800764722602,0.006301382605221221,0.0,0.0,0.004254826332125561,0.004144329582428508,0.0,0.034467454925445146,0.06087750228422213,0.2477430027127765,0.00504678880754447,0.0
legra-workshop-20220914-metagov.transcription,0.15867916719019853,0.004497443243555154,0.0,0.00691371001014459,0.0,0.0,0.0031967471648416375,0.0,0.014925141074978986,0.0,0.022125392123896196,0.025330206502314635
lenhart-metagov-20230215.transcription,0.05879583182421784,0.007043205722616487,0.0,0.0,0.1719865064484431,0.061699184372157136,0.02332545322664238,0.0009582477095377824,0.0,0.018207398207555476,0.0,0.0174969789970134
lightningtalks-20211006-metagov.transcription,0.14326825672473387,0.0,0.07402673594489691,0.004651462817529582,0.00339732695586525,0.016798607174194992,0.0,0.018880526246224834,0.055226143464679106,0.14800992024994963,0.0,0.00030902331069753884
martel-metagov-20221109.transcription,0.021134886854541082,0.0,0.0,0.0,0.0051096887529632675,0.07528199238323777,0.0,0.03364725935670793,0.1500308536438798,0.0,0.0,0.1209779370073987
mckenzie-landel_hajjar-metagov-20231018.transcription,0.0,0.025080440032340407,0.13115333674395477,0.059396774648072144,0.0,0.02850157546771293,0.013014730182060601,0.024958532743690198,0.07466733546434753,0.0,0.016268018576083405,0.0
merrill-metagov.transcription,0.0,0.016602858580435496,0.018125964750837057,0.30269967158336075,0.0,0.04498857670166694,0.0024766558684032247,0.037936345966926084,0.0,0.0,0.01714585460145385,0.0
metagov-8-12-pol.is.transcription,0.06400376016078742,0.001358961578341537,0.0,0.0,0.004825965722952855,0.2987385274446098,0.004547680621970741,0.01413284027180224,0.0,0.039585662876928794,0.0,0.026658177118927394
metagov-bednar-pt1.transcription,0.021776129358721343,0.0,0.0,0.03012889670270264,0.0,0.05434397851247409,0.007763835551625367,0.27816867563888364,0.008206414772068427,0.0,0.0,0.009479840537791842
metagov-bednar-pt2.transcription,0.0,0.0,0.0,0.0,0.0,0.05182883142420903,0.0004423997009188205,0.31620275783761015,0.0,0.0,0.0,0.0
metagov-chakraborti-20240410.transcription,0.05307143160832386,0.03747226458775068,0.0097146233802497,0.0,0.01834974403159949,0.0,0.0,0.19189171457795098,0.0,0.08409195961287974,0.0,0.0
metagov-demoor.transcription,0.0,0.0,0.0,0.0,0.0,0.0,0.005188854822396869,0.33441181213410703,0.0,0.07040994196335616,0.0,0.006069859829932031
metagov-govbase.transcription,0.11328928873748911,0.0,0.09806309024213652,0.0,0.0,0.0,0.0,0.11823562099888275,0.0,0.12157411437764548,0.0,0.0
metagov-governance.transcription,0.18880297322688339,0.0,0.014980574353444333,0.0,0.0,0.0,0.0,0.0,0.023248235965188775,0.0,0.012442927785192529,0.08521624726507426
metagov-hill.transcription,0.04704286920871976,0.0,0.004935249800720115,0.056054872083209084,0.023493642377577357,0.0,0.005434211053259005,0.0,0.023196540794856977,0.29938471185872506,0.0,0.01394868614435192
metagov-panel-standards-governance-as-a-general-design-pattern.transcription,0.0,0.013388241030557746,0.0,0.0,0.0,0.0,0.0004478462646807124,0.0,0.0,0.0,0.0,0.689034317416195
metagov-panel-standards-governance-on-the-internet-today.transcription,0.0,0.0,0.0,0.0,0.0,0.0,0.0,0.0,0.0,0.0,0.0,0.7238312933374036
metagov-pearl.transcription,0.0,0.0,0.0,0.029638329278419116,0.0,0.017378634966564117,0.000803058485557097,0.10121343827473783,0.056151399551527974,0.0006933702016830737,0.0,0.011576867773302952
metagov-salehi.transcription,0.01702630719701967,0.0,0.0,0.0,0.3236467901474745,0.006690158685874978,0.0003463802571656184,0.006831416345669162,0.029313232714541955,0.0,0.002676670135442166,0.019563846747245744
metagov-seminar-20230419.transcription,0.10241485885735238,0.0,0.00426374868599952,0.0,0.01437694964170343,0.014186604810955121,0.0,0.12313094215331855,0.0,0.0,0.0,0.0
metagov-seminar-bloom.transcription,0.0,0.0,0.0,0.0,0.0,0.0,0.0,0.0,0.0,0.4185435926828232,0.0,0.24004207116246357
metagov-seminar-cassel.transcription,0.11445344643750538,0.0,0.0,0.0010885749403510934,0.0,0.0,0.0,0.013413740554648378,0.03882673617412347,0.1226742334641505,0.03116566163208155,0.014020270922418749
metagov-seminar-compressed-to-0-the-silent-strings-of-proof-of-personhood-04172024.transcription,0.0,0.03170472181890924,0.021514581884681534,0.2964907881733229,0.0,0.06420573863264047,0.0008315607990253508,0.0,0.0028502311238161183,0.0,0.012691894669633578,0.002461598575121399
metagov-seminar-coordinating-decentralized-research-with-lab-discourse-graphs-akamatsu.transcription,0.054260195696972296,0.016164154778904455,0.0,0.006130451493782133,0.0,0.0,0.0,0.0,0.0,0.3216775501780254,0.0,0.0
metagov-seminar-degraf-052224.transcription,0.03208117568479033,0.0,0.0,0.21919419308666707,0.0,0.013798490446409252,0.009787611111727035,0.0,0.03289750393856663,0.14930688429869313,0.0,0.0
metagov-seminar-frishmann-05152024.transcription,0.06926704293915426,0.021878834693415766,0.0,0.04219428910213097,0.032998321173141165,0.0,0.0005803968922795948,0.06631517675186444,0.003555994176758232,0.02206322046382537,0.0,0.016377850063230878
metagov-seminar-introducing-doxamarket-information-markets-for-decentralized-governance-05082024.transcription,0.04280851711788717,0.03470724545796529,0.0883760911121155,0.0,0.0,0.09194406710264745,0.01469816776174926,0.0,0.021346509720932254,0.01904354148683914,0.0,0.0003250933994875404
metagov-seminar-pre-dweb-camp-fireside.transcription,0.17964303487152625,0.0,0.0,0.0018625417534027387,0.0,0.0,0.00303454098424591,0.0,0.01428833564987711,0.019907596519984735,0.0,0.025695540658857995
metagov-seminar-research-notes-on-digital-identity-04242024.transcription,0.005372556649096656,0.004333776670324284,0.0,0.36697088603039235,0.0,0.0,0.0,0.0,0.0,0.0,0.0,0.0
metagov-seminar-yanomami-zeugh.transcription,0.11436243490982909,0.0024547890701115513,0.009277800058037885,0.006756011667012559,0.0,0.044478537743352094,0.0006721891050592748,0.033016580013363,0.10318000864744716,0.048232516201380936,0.0,0.013569900169941427
metagov-shorttalks-20230405.transcription,0.0,0.03801744105487139,0.08004818166576982,0.018109116674409027,0.0,0.2899744009332459,0.0016612259205246297,0.012685007376357634,0.06647692662850027,0.0,0.003124864894650272,0.0
metagovernance-karrot.transcription,0.08063067188912479,0.0,0.005705800829469896,0.039118082241149224,0.01107759688036768,0.033945266158999086,0.02049531474370542,0.005118124306644098,0.03131255682063544,0.0,0.030385235974443186,0.039434701149904834
metagovs-new-theory-practice-project-gubbels.transcription,0.005048613681914778,0.03502828370398005,0.0,0.0,0.0,0.35205442716476215,0.0,0.01408501527114655,0.019591083320266777,0.0,0.05054058394568726,0.0
minimumviable-metagov.transcription,0.11285168646207319,0.014166136912981778,0.0,0.008351034988747298,0.0,0.05466179738489816,0.0016901249768015085,0.036800623802253685,0.0,0.0,0.04167047793228234,0.06472506215459263
modern-markets-for-all-digital-public-infrastructure-to-unlock-each-persons-economic-potential-rowan.transcription,0.009947824684793464,0.026360104722896224,0.009933480827573367,0.009167235924640759,0.004218714336048703,0.11074783872941395,0.008873563797160436,0.02222608949495323,0.08230525596851929,0.08182916308981364,0.0,0.05468003033350037
modpol-metagov.transcription,0.12718847016510693,0.0,0.02158803565635889,0.0,0.04575879884027196,0.009905514866139503,0.0,0.009620661926035516,0.0,0.0,0.08546954343018084,0.0025483778984670895
monterde-metagov-20230322.transcription,0.021679134302696263,0.0,0.009692664874714024,0.0011959163656405343,0.0,0.2718513730479693,0.0,0.0,0.00442726851989821,0.08701479631927617,0.0,0.0
muhia-metagov-20230913.transcription,0.012058423544435296,0.03688270819781685,0.0,0.009728543160448385,0.002715584902759085,0.0,0.001160297439904315,0.019084971408553076,0.01189201081200076,0.2681188100112507,0.03378528987925699,0.0
nabben-metagov.transcription,0.03600439600603151,0.005828937469322195,0.0,0.12806334500742672,0.0,0.011557717517919747,0.006888895320126369,0.10284226517243436,0.0,0.11669594253716783,0.0,0.011160600408061303
neighbourhoods-metagov.transcription,0.11575475991712879,0.0,0.02222739970089478,0.04266212970595632,0.0018706690647959069,0.0,0.0,0.11994279705212545,0.0,0.021097466374263494,0.0,0.0
new-book-blockchain-governance-filippi-reijers-mannan.transcription,0.0,0.016256491241897306,0.08943259544431183,0.1489032321747215,0.0,0.0,0.0,0.18108680686434686,0.0,0.0,0.0,0.0
ngure-metagov-20230927.transcription,0.09234692098777988,0.0014452893113406577,0.0,0.01856167411465904,0.0,0.005477306780580301,0.0,0.0,0.055627659822007465,0.06001051725207018,0.0005285792350519951,0.0
nguyen-metagov.transcription,0.007416081572936058,0.033181013901167275,0.0,0.0,0.03757142752922075,0.061148540234062736,0.009039680892561115,0.1030056748416765,0.04976617318750643,0.12674492036241738,0.0,0.04127831964300923
on-aiki-wiki-viharo.transcription,0.10463996519726355,0.06629744465904976,0.0032514021365033135,0.012202823974436285,0.0013783045013652437,0.035263178170324934,0.013532043894326627,0.0,0.0,0.0,0.02592401640977827,0.06371952853124864
on-and-off-responsibilities-in-ai-governance-week-1.transcription,0.012625386694461862,0.40641322496497423,0.0,0.0,0.0,0.0,0.0,0.0,0.0,0.0,0.0,0.0
on-and-off-responsibilities-in-ai-governance-week-3-var-shankar.transcription,0.0,0.4559198000897362,0.0,0.0,0.0,0.0,0.0,0.0,0.0,0.0,0.0,0.04853214758046335
on-and-off-responsibilities-in-ai-governance-week-4-elefante-baulin.transcription,0.08621288272606094,0.2675842784957624,0.0,0.0,0.04697244194128904,0.0,0.0,0.0,0.0,0.05760350227888601,0.0,0.0
on-evocracy-evolutionary-democracy-michaelis.transcription,0.04101244613868974,0.03409508660501306,0.0248991704028415,0.11356199659612604,0.0,0.20963223270251974,0.0,0.0,0.0,0.08012106416305721,0.04824645241246116,0.0
on-massive-decentralized-learning-communities-token-engineering-academy-kreitenweis.transcription,0.006431195019293966,0.027023869490167194,0.1606065771670768,0.03448624309951608,0.007865641113604507,0.0,0.0,0.0,0.051373343143328136,0.014580762714714151,0.0,0.0
on-neural-quorum-governance-liu.transcription,0.06883733027032922,0.0,0.10109756845876325,0.058194617143229425,0.0,0.1411622622150453,0.009487447063508158,0.0,0.0,0.008521667523073408,0.0,0.0
other-networks-emerson.transcription,0.01791090040405378,0.0,0.0,0.11111736533218718,0.0,0.011814106930951494,0.0,0.0,0.03148510972222888,0.038426613107110985,0.0,0.09965801631867711
ovadya-metagov.transcription,0.0,0.0,0.0,0.0,0.05549964902213049,0.4205310642159139,0.0,0.007457831960665599,0.014534602130428615,0.028147806140296293,0.0,0.0017284496274185912
pan-legitimacy-metagov.transcription,0.0,0.0,0.0,0.0010208841415818488,0.3187666166822119,0.06548999266777593,0.0,0.007471399042477189,0.0,0.0,0.0,0.0
pariser-metagov.transcription,0.1543432406244281,0.0,0.0,0.024332419904676713,0.004548961904032213,0.1255874955758612,0.0,0.034991619457021755,0.02159567674379063,0.014035620772126754,0.0,0.001712293594019924
patka-metagov.transcription,0.029266324721236563,0.0,0.3782742247333369,0.0,0.0,0.0,0.0,0.0,0.0,0.0,0.0,0.0
pescetelli-metagov.transcription,0.18880416191884802,0.008654334346265138,0.04575454729663704,0.0,0.0,0.06942967252258353,0.0,0.0,0.0,0.034568420516493226,0.06824477378775821,0.0
practical-inclusiveness-and-earned-governance-linkedtrust.transcription,0.034913212047752544,0.0008240547286657387,0.11326294876455911,0.012879153924023959,0.0,0.03786406485833338,0.03771158143373206,0.0,0.0,0.0077599239623590485,0.09719713951687989,0.04503132891642895
rau-rodriguez-metagov-20221214.transcription,0.019146535537119057,0.0,0.0,0.0,0.0,0.0,0.0,0.06002776775676382,0.0,0.0,0.5882406991349727,0.0
revel-metagov-20230222.transcription,0.0,0.0,0.0,0.0,0.0,0.3502857920592356,0.0,0.007854107181023032,0.0,0.0,0.0,0.0
rheingold-metagov.transcription,0.06633950560266409,0.0,0.0,0.0,0.10753208882750881,0.18912894552216467,0.010628329700953235,0.058929707650408523,0.0,0.0,0.004270079531005368,0.07361575349804791
roy-metagov.transcription,0.013588810979215035,0.015847857329761388,0.0,0.052050307528184674,0.0,0.026228963387813282,0.012039969527824036,0.10684241405991657,0.08000569172236649,0.001774060343727758,0.09332376518426874,0.011862058745397272
rxcvoice-metagov.transcription,0.0015097066591279443,0.0,0.020841660897002658,0.00020370702377302786,0.0,0.30370562568273995,0.0008458479196118729,0.0,0.0,0.0,0.018411909418832396,0.0
sanfilippo-metagov_20210818_2119.transcription,0.01978801620019159,0.00930247713317487,0.0,0.0,0.046465330879502935,0.02413212268026262,0.004226380378668183,0.07327388647708334,0.0,0.2991203735557987,0.0,0.0
scaling-digital-support-systems-sisson.transcription,0.0,0.13411383931601015,0.0,0.0,0.0,0.015231898525869064,0.009034431500949826,0.0,0.0,0.27909650647072354,0.05466716442296897,0.007354469910374242
schingler-metagov.transcription,0.0,0.0,0.0,0.0,0.0,0.0,0.0,0.3295481231958609,0.0,0.0,0.0,0.0
seering-metagov.transcription,0.0,0.0,0.0,0.0,0.5679052237183181,0.0,0.0,0.0,0.0,0.0,0.0,0.0
semaan-metagov-20240124.transcription,0.04469162718246486,0.0,0.0,0.022919368557230542,0.38458409355859563,0.0,0.0,0.0025570693638869925,0.0,0.0,0.0,0.0
sex-and-economy-reading-desire-in-web3-neta-dao.transcription,0.0,0.0,0.0,0.023152276929977615,0.0,0.02034180774601579,0.009696941054135341,0.032755120588340375,0.24357754213818864,0.0,0.0,0.01938499619662874
shapiro-metagov-20231122.transcription,0.0005625866946401562,0.0,0.002174965432270566,0.2108103856568621,0.0,0.07786481869085182,0.0,0.0,0.01923116246437551,0.014724501675754507,0.0032374308039675556,0.03096997998367036
sharma-metagov-20231206.transcription,0.0,0.2916093584850725,0.07078153743904965,0.015795594843801025,0.007031985539768206,0.12135186809852071,0.0,0.0,0.0,0.0,0.0002630665867755717,0.0
shimony-metagov-20230823.transcription,0.03482693058916,0.10517404918170326,0.12413266686927277,0.02534065213547733,0.010153042841200602,0.021502691663490364,0.020013177503559524,0.05905005295350905,0.07443631366308853,0.0,0.0,0.0
shorttalks-20220504-metagov.transcription,0.13362856273746032,0.01986023520215006,0.10500835526656431,0.0,0.0012783098023511998,0.06222095039472271,0.016016975508732104,0.0306564961284865,0.04857618054264584,0.011170913534036762,0.0,0.008733715758530918
shorttalks-20220706-metagov.transcription,0.11627008240654382,0.0,0.10874425482600973,0.005940506353049053,0.0,0.06011606973521133,0.0020013230206190774,0.10034331475634485,0.0,0.0,0.0,0.0
shorttalks-20220803-metagov.transcription,0.12838853875066572,0.0015709424790488528,0.04816120927079465,0.014512065647188049,0.0,0.060136827196538484,0.0001561255053152675,0.09266134901056385,0.0,0.07281233042073479,0.0,0.0006838136432502207
shorttalks-metagov-20221005.transcription,0.007255205872953945,0.007978269795952442,0.23162018450481617,0.012997017883639068,0.0,0.0,0.0,0.02944071880888318,0.015701209387771725,0.030260073432893973,0.017796108152010513,0.0
shorttalks-metagov-20221102.transcription,0.0,0.0019666729622570276,0.1505166758646488,0.0,0.007168481683762926,0.0,0.0,0.0914972026036668,0.07498328921389978,0.021959723738177846,0.060732414563501425,0.018121960954961384
shorttalks-metagov-20221207.transcription,0.21796534697147912,0.006762363573847507,0.0,0.009409073715078178,0.022849698067071347,0.07280275568640719,0.0014792186994705514,0.0,0.0,0.010869858182757616,0.0,0.0033691279903088987
shorttalks-metagov-2023018.transcription,0.1330759473519835,0.0,0.019174222102748106,0.0,0.0009113546982559344,0.2107260575196095,0.0,0.02461845409124714,0.0,0.02424806577472929,0.0,0.0
shorttalks-metagov-20230510.transcription,0.0,0.0,0.1896610159403617,0.1290268154003652,0.010073771815281154,0.0,0.0,0.0,0.010174186523342526,0.0,0.0,0.0
shorttalks-metagov-20230614.transcription,0.12093599728058005,0.02996168377626317,0.0,0.055932420011866636,0.0028949737861432836,0.03081968242285596,0.019413539615994936,0.0,0.009902756353796274,0.02086919983443045,0.0,0.007648012214230515
shorttalks-metagov-20230809.transcription,0.0,0.0,0.0,0.027522834155754877,0.0,0.1635942499647619,0.0,0.0,0.07461670622707325,0.20304899037175886,0.0,0.0
shorttalks-metagov-20231011.transcription,0.19865785992658175,0.003433503285822368,0.021750753963452062,0.0,0.0,0.0,0.022577119408617393,0.0,0.04096296935618873,0.0118401796230911,0.045005695099134324,0.020150183971488735
shorttalks-metagov-20231213.transcription,0.0650131755340142,0.0037770723797012264,0.0,0.07296486942918205,0.0047652983218639455,0.1428242479465983,0.015175569206271576,0.01659154887505298,0.010694774774269408,0.0,0.055676927343623804,0.017272948244440523
shorttalks-metagov.transcription,0.08962226708507388,0.010466957826525642,0.2307277997762306,0.012206478882320132,0.029410828661107006,0.01313043790229081,0.003130904226935395,0.010541248205729381,0.0,0.10428737322177903,0.0,0.0
showcase-metagov.transcription,0.031698377327799926,0.0028152098802913953,0.029053594907743365,0.122869729362771,0.0,0.0989293347293928,0.0,0.018384978149863496,0.0019314743832958422,0.03849128625889995,0.0,0.23713268965455914
stray-metagov-20221123.transcription,0.0,0.07564301842973385,0.0,0.008379560877543855,0.10919709341810314,0.24326317205353062,0.0015140986685531269,0.009763106782406933,0.0,0.08786351146580464,0.0,0.0
suantak-metagov-20230830.transcription,0.038498874406337626,0.005249556989919278,0.002314704051511953,0.10319967977756701,0.0,0.019733091562344537,0.0,0.0,0.023605829007181202,0.005179764513676471,0.0,0.07184050150902035
tank-metagov-20230726.transcription,0.11268639847377702,0.0,0.01678946228546779,0.0,0.01581431067346149,0.01639906954813035,0.0019998024727653284,0.07997650760635705,0.0,0.09669733222182639,0.0,0.0
thorburn-metagov-20231004.transcription,0.02107118811226364,0.011932896711601124,0.0,0.0,0.02004395991090161,0.17200869356956996,0.0,0.06166629331242182,0.0,0.018132573767354533,0.0,0.032445258357512
transfer-data-trust-nichole.transcription,0.0,0.0014929776246363163,0.0,0.058047106322274465,0.0,0.0,0.0,0.0,0.19876637026605745,0.2827037058339127,0.0,0.0
troncoso-metagov-20231108.transcription,0.0,0.0,0.0,0.0,0.0,0.0,0.0,0.0,0.5217643786535209,0.0,0.0,0.0
vergne-metagov.transcription,0.0,0.0,0.08313589787715317,0.03126394474536585,0.0,0.281632965728777,0.0,0.0,0.008512302194501832,0.0,0.006215922130690915,0.0
what-are-meetings-spitzberg.transcription,0.10867440757202015,0.0,0.0,0.0,0.0,0.0,0.014043734741105682,0.0,0.019472281174275814,0.0,0.031261917249139376,0.13336358577761076
willshire-metagov-20230719.transcription,0.2131326812584032,0.013260718432894473,0.010753643086702883,0.015944761868548592,0.0,0.017421424176543056,0.0,0.0,0.0,0.0,0.0,0.008840865227818968
winger-bearskin-metagov.transcription,0.1148602129373763,0.015414145814544155,0.0011106204383263742,0.0,0.012279834984133361,0.010851231427416603,0.003617103323030846,0.044138842834352925,0.08339736794946045,0.06977051554374263,0.0,0.024142544963750324
yakcollective-metagov.transcription,0.13966032893326824,0.0,0.021722180799368867,0.0,0.0,0.0,0.0,0.053498718050546575,0.04859357378479877,0.0010783157516116586,0.025916959978266242,0.0849768574791406
zahn-metagov-20230208.transcription,0.02475859955215093,0.06270909835240443,0.037273581718868236,0.016045157978331573,0.0,0.018075709926858474,0.0236251935998201,0.1246881175495891,0.1030358566262752,0.030331824859809967,0.0,0.015096060866233165
zhu-metagov.transcription,0.011912898879101028,0.11066343480580564,0.00862919219943178,0.0,0.1505690975022018,0.019383420690750965,0.0025391317005424865,0.0,0.04742773816777781,0.09245988077057021,0.0,0.0
zine-release-change-is-in-the-cards-governance-transitions-in-open-source-commun.transcription,0.12586333471338357,0.026532687632654976,0.0006117592934918703,0.0,0.0,0.0,0.0,0.0,0.03832559402357262,0.013950356588179719,0.0,0.06963059921128603
